<?xml version="1.0" encoding="UTF-8"?>
<project-private xmlns="http://www.netbeans.org/ns/project-private/1">
    <editor-bookmarks xmlns="http://www.netbeans.org/ns/editor-bookmarks/2" lastBookmarkId="0"/>
    <open-files xmlns="http://www.netbeans.org/ns/projectui-open-files/2">
        <group>
            <file>file:/Users/jonathankoerber/Documents/Projects/InventoryManagementControler/src/inventorymanagementcontroler/Search.java</file>
            <file>file:/Users/jonathankoerber/Documents/Projects/InventoryManagementControler/src/inventorymanagementcontroler/InventoryManagementControler.java</file>
            <file>file:/Users/jonathankoerber/Documents/Projects/InventoryManagementControler/src/inventorymanagementcontroler/cancel.java</file>
            <file>file:/Users/jonathankoerber/Documents/Projects/InventoryManagementControler/src/inventorymanagementcontroler/AddPart.java</file>
        </group>
    </open-files>
</project-private>
